bNo,subject,content,writer,reg_date
1,제목1,내용1,tester,Mon Apr 23 15:02:34 KST 2018,
2,제목2,내용2,tester,Mon Apr 23 15:02:34 KST 2018,
3,제목3,내용3,tester,Mon Apr 23 15:02:34 KST 2018,
4,제목4,내용4,tester,Mon Apr 23 15:02:34 KST 2018,
5,제목5,내용5,tester,Mon Apr 23 15:02:34 KST 2018,
6,제목6,내용6,tester,Mon Apr 23 15:02:34 KST 2018,
7,제목7,내용7,tester,Mon Apr 23 15:02:34 KST 2018,
8,제목8,내용8,tester,Mon Apr 23 15:02:34 KST 2018,
9,제목9,내용9,tester,Mon Apr 23 15:02:34 KST 2018,
10,제목10,내용10,tester,Mon Apr 23 15:02:34 KST 2018,
11,제목11,내용11,tester,Mon Apr 23 15:02:34 KST 2018,
12,제목12,내용12,tester,Mon Apr 23 15:02:34 KST 2018,
13,제목13,내용13,tester,Mon Apr 23 15:02:34 KST 2018,
14,제목14,내용14,tester,Mon Apr 23 15:02:34 KST 2018,
15,제목15,내용15,tester,Mon Apr 23 15:02:34 KST 2018,
16,제목16,내용16,tester,Mon Apr 23 15:02:34 KST 2018,
17,제목17,내용17,tester,Mon Apr 23 15:02:34 KST 2018,
18,제목18,내용18,tester,Mon Apr 23 15:02:34 KST 2018,
19,제목19,내용19,tester,Mon Apr 23 15:02:34 KST 2018,
20,제목20,내용20,tester,Mon Apr 23 15:02:34 KST 2018,
21,제목21,내용21,tester,Mon Apr 23 15:02:34 KST 2018,
22,제목22,내용22,tester,Mon Apr 23 15:02:34 KST 2018,
23,제목23,내용23,tester,Mon Apr 23 15:02:34 KST 2018,
24,제목24,내용24,tester,Mon Apr 23 15:02:34 KST 2018,
25,제목25,내용25,tester,Mon Apr 23 15:02:34 KST 2018,
26,제목26,내용26,tester,Mon Apr 23 15:02:34 KST 2018,
27,제목27,내용27,tester,Mon Apr 23 15:02:34 KST 2018,
28,제목28,내용28,tester,Mon Apr 23 15:02:34 KST 2018,
29,제목29,내용29,tester,Mon Apr 23 15:02:34 KST 2018,
30,제목30,내용30,tester,Mon Apr 23 15:02:34 KST 2018,
31,제목31,내용31,tester,Mon Apr 23 15:02:34 KST 2018,
32,제목32,내용32,tester,Mon Apr 23 15:02:34 KST 2018,
33,제목33,내용33,tester,Mon Apr 23 15:02:34 KST 2018,
34,제목34,내용34,tester,Mon Apr 23 15:02:34 KST 2018,
35,제목35,내용35,tester,Mon Apr 23 15:02:34 KST 2018,
36,제목36,내용36,tester,Mon Apr 23 15:02:34 KST 2018,
37,제목37,내용37,tester,Mon Apr 23 15:02:34 KST 2018,
38,제목38,내용38,tester,Mon Apr 23 15:02:34 KST 2018,
39,제목39,내용39,tester,Mon Apr 23 15:02:34 KST 2018,
40,제목40,내용40,tester,Mon Apr 23 15:02:34 KST 2018,
41,제목41,내용41,tester,Mon Apr 23 15:02:34 KST 2018,
42,제목42,내용42,tester,Mon Apr 23 15:02:34 KST 2018,
43,제목43,내용43,tester,Mon Apr 23 15:02:34 KST 2018,
44,제목44,내용44,tester,Mon Apr 23 15:02:34 KST 2018,
45,제목45,내용45,tester,Mon Apr 23 15:02:34 KST 2018,
46,제목46,내용46,tester,Mon Apr 23 15:02:34 KST 2018,
47,제목47,내용47,tester,Mon Apr 23 15:02:34 KST 2018,
48,제목48,내용48,tester,Mon Apr 23 15:02:34 KST 2018,
49,제목49,내용49,tester,Mon Apr 23 15:02:34 KST 2018,
50,제목50,내용50,tester,Mon Apr 23 15:02:34 KST 2018,
51,제목51,내용51,tester,Mon Apr 23 15:02:34 KST 2018,
52,제목52,내용52,tester,Mon Apr 23 15:02:34 KST 2018,
53,제목53,내용53,tester,Mon Apr 23 15:02:34 KST 2018,
54,제목54,내용54,tester,Mon Apr 23 15:02:34 KST 2018,
55,제목55,내용55,tester,Mon Apr 23 15:02:34 KST 2018,
56,제목56,내용56,tester,Mon Apr 23 15:02:34 KST 2018,
57,제목57,내용57,tester,Mon Apr 23 15:02:34 KST 2018,
58,제목58,내용58,tester,Mon Apr 23 15:02:34 KST 2018,
59,제목59,내용59,tester,Mon Apr 23 15:02:34 KST 2018,
60,제목60,내용60,tester,Mon Apr 23 15:02:34 KST 2018,
61,제목61,내용61,tester,Mon Apr 23 15:02:34 KST 2018,
62,제목62,내용62,tester,Mon Apr 23 15:02:34 KST 2018,
63,제목63,내용63,tester,Mon Apr 23 15:02:34 KST 2018,
64,제목64,내용64,tester,Mon Apr 23 15:02:34 KST 2018,
65,제목65,내용65,tester,Mon Apr 23 15:02:34 KST 2018,
66,제목66,내용66,tester,Mon Apr 23 15:02:34 KST 2018,
67,제목67,내용67,tester,Mon Apr 23 15:02:34 KST 2018,
68,제목68,내용68,tester,Mon Apr 23 15:02:34 KST 2018,
69,제목69,내용69,tester,Mon Apr 23 15:02:34 KST 2018,
70,제목70,내용70,tester,Mon Apr 23 15:02:34 KST 2018,
71,제목71,내용71,tester,Mon Apr 23 15:02:34 KST 2018,
72,제목72,내용72,tester,Mon Apr 23 15:02:34 KST 2018,
73,제목73,내용73,tester,Mon Apr 23 15:02:34 KST 2018,
74,제목74,내용74,tester,Mon Apr 23 15:02:34 KST 2018,
75,제목75,내용75,tester,Mon Apr 23 15:02:34 KST 2018,
76,제목76,내용76,tester,Mon Apr 23 15:02:34 KST 2018,
77,제목77,내용77,tester,Mon Apr 23 15:02:34 KST 2018,
78,제목78,내용78,tester,Mon Apr 23 15:02:34 KST 2018,
79,제목79,내용79,tester,Mon Apr 23 15:02:34 KST 2018,
80,제목80,내용80,tester,Mon Apr 23 15:02:34 KST 2018,
81,제목81,내용81,tester,Mon Apr 23 15:02:34 KST 2018,
82,제목82,내용82,tester,Mon Apr 23 15:02:34 KST 2018,
83,제목83,내용83,tester,Mon Apr 23 15:02:34 KST 2018,
84,제목84,내용84,tester,Mon Apr 23 15:02:34 KST 2018,
85,제목85,내용85,tester,Mon Apr 23 15:02:34 KST 2018,
86,제목86,내용86,tester,Mon Apr 23 15:02:34 KST 2018,
87,제목87,내용87,tester,Mon Apr 23 15:02:34 KST 2018,
88,제목88,내용88,tester,Mon Apr 23 15:02:34 KST 2018,
89,제목89,내용89,tester,Mon Apr 23 15:02:34 KST 2018,
90,제목90,내용90,tester,Mon Apr 23 15:02:34 KST 2018,
91,제목91,내용91,tester,Mon Apr 23 15:02:34 KST 2018,
92,제목92,내용92,tester,Mon Apr 23 15:02:34 KST 2018,
93,제목93,내용93,tester,Mon Apr 23 15:02:34 KST 2018,
94,제목94,내용94,tester,Mon Apr 23 15:02:34 KST 2018,
95,제목95,내용95,tester,Mon Apr 23 15:02:34 KST 2018,
96,제목96,내용96,tester,Mon Apr 23 15:02:34 KST 2018,
97,제목97,내용97,tester,Mon Apr 23 15:02:34 KST 2018,
98,제목98,내용98,tester,Mon Apr 23 15:02:34 KST 2018,
99,제목99,내용99,tester,Mon Apr 23 15:02:34 KST 2018,
100,제목100,내용100,tester,Mon Apr 23 15:02:34 KST 2018,
101,제목101,내용101,tester,Mon Apr 23 15:02:34 KST 2018,
102,제목102,내용102,tester,Mon Apr 23 15:02:34 KST 2018,
103,제목103,내용103,tester,Mon Apr 23 15:02:34 KST 2018,
104,제목104,내용104,tester,Mon Apr 23 15:02:34 KST 2018,
105,제목105,내용105,tester,Mon Apr 23 15:02:34 KST 2018,
106,제목106,내용106,tester,Mon Apr 23 15:02:34 KST 2018,
107,제목107,내용107,tester,Mon Apr 23 15:02:34 KST 2018,
108,제목108,내용108,tester,Mon Apr 23 15:02:34 KST 2018,
109,제목109,내용109,tester,Mon Apr 23 15:02:34 KST 2018,
110,제목110,내용110,tester,Mon Apr 23 15:02:34 KST 2018,
111,제목111,내용111,tester,Mon Apr 23 15:02:34 KST 2018,
112,제목112,내용112,tester,Mon Apr 23 15:02:34 KST 2018,
113,제목113,내용113,tester,Mon Apr 23 15:02:34 KST 2018,
114,제목114,내용114,tester,Mon Apr 23 15:02:34 KST 2018,
115,제목115,내용115,tester,Mon Apr 23 15:02:34 KST 2018,
116,제목116,내용116,tester,Mon Apr 23 15:02:34 KST 2018,
117,제목117,내용117,tester,Mon Apr 23 15:02:34 KST 2018,
118,제목118,내용118,tester,Mon Apr 23 15:02:34 KST 2018,
119,제목119,내용119,tester,Mon Apr 23 15:02:34 KST 2018,
120,제목120,내용120,tester,Mon Apr 23 15:02:34 KST 2018,
121,제목121,내용121,tester,Mon Apr 23 15:02:34 KST 2018,
122,제목122,내용122,tester,Mon Apr 23 15:02:34 KST 2018,
123,제목123,내용123,tester,Mon Apr 23 15:02:34 KST 2018,
124,제목124,내용124,tester,Mon Apr 23 15:02:34 KST 2018,
125,제목125,내용125,tester,Mon Apr 23 15:02:34 KST 2018,
126,제목126,내용126,tester,Mon Apr 23 15:02:34 KST 2018,
127,제목127,내용127,tester,Mon Apr 23 15:02:34 KST 2018,
128,제목128,내용128,tester,Mon Apr 23 15:02:34 KST 2018,
129,제목129,내용129,tester,Mon Apr 23 15:02:34 KST 2018,
130,제목130,내용130,tester,Mon Apr 23 15:02:34 KST 2018,
131,제목131,내용131,tester,Mon Apr 23 15:02:34 KST 2018,
132,제목132,내용132,tester,Mon Apr 23 15:02:34 KST 2018,
133,제목133,내용133,tester,Mon Apr 23 15:02:34 KST 2018,
134,제목134,내용134,tester,Mon Apr 23 15:02:34 KST 2018,
135,제목135,내용135,tester,Mon Apr 23 15:02:34 KST 2018,
136,제목136,내용136,tester,Mon Apr 23 15:02:34 KST 2018,
137,제목137,내용137,tester,Mon Apr 23 15:02:34 KST 2018,
138,제목138,내용138,tester,Mon Apr 23 15:02:34 KST 2018,
139,제목139,내용139,tester,Mon Apr 23 15:02:34 KST 2018,
140,제목140,내용140,tester,Mon Apr 23 15:02:34 KST 2018,
141,제목141,내용141,tester,Mon Apr 23 15:02:34 KST 2018,
142,제목142,내용142,tester,Mon Apr 23 15:02:34 KST 2018,
143,제목143,내용143,tester,Mon Apr 23 15:02:34 KST 2018,
144,제목144,내용144,tester,Mon Apr 23 15:02:34 KST 2018,
145,제목145,내용145,tester,Mon Apr 23 15:02:34 KST 2018,
146,제목146,내용146,tester,Mon Apr 23 15:02:34 KST 2018,
147,제목147,내용147,tester,Mon Apr 23 15:02:34 KST 2018,
148,제목148,내용148,tester,Mon Apr 23 15:02:34 KST 2018,
149,제목149,내용149,tester,Mon Apr 23 15:02:34 KST 2018,
150,제목150,내용150,tester,Mon Apr 23 15:02:34 KST 2018,
151,제목151,내용151,tester,Mon Apr 23 15:02:34 KST 2018,
152,제목152,내용152,tester,Mon Apr 23 15:02:34 KST 2018,
153,제목153,내용153,tester,Mon Apr 23 15:02:34 KST 2018,
154,제목154,내용154,tester,Mon Apr 23 15:02:34 KST 2018,
155,제목155,내용155,tester,Mon Apr 23 15:02:34 KST 2018,
156,제목156,내용156,tester,Mon Apr 23 15:02:34 KST 2018,
157,제목157,내용157,tester,Mon Apr 23 15:02:34 KST 2018,
158,제목158,내용158,tester,Mon Apr 23 15:02:34 KST 2018,
159,제목159,내용159,tester,Mon Apr 23 15:02:34 KST 2018,
160,제목160,내용160,tester,Mon Apr 23 15:02:34 KST 2018,
161,제목161,내용161,tester,Mon Apr 23 15:02:34 KST 2018,
162,제목162,내용162,tester,Mon Apr 23 15:02:34 KST 2018,
163,제목163,내용163,tester,Mon Apr 23 15:02:34 KST 2018,
164,제목164,내용164,tester,Mon Apr 23 15:02:34 KST 2018,
165,제목165,내용165,tester,Mon Apr 23 15:02:34 KST 2018,
166,제목166,내용166,tester,Mon Apr 23 15:02:34 KST 2018,
167,제목167,내용167,tester,Mon Apr 23 15:02:34 KST 2018,
168,제목168,내용168,tester,Mon Apr 23 15:02:34 KST 2018,
169,제목169,내용169,tester,Mon Apr 23 15:02:34 KST 2018,
170,제목170,내용170,tester,Mon Apr 23 15:02:34 KST 2018,
171,제목171,내용171,tester,Mon Apr 23 15:02:34 KST 2018,
172,제목172,내용172,tester,Mon Apr 23 15:02:34 KST 2018,
173,제목173,내용173,tester,Mon Apr 23 15:02:34 KST 2018,
174,제목174,내용174,tester,Mon Apr 23 15:02:34 KST 2018,
175,제목175,내용175,tester,Mon Apr 23 15:02:34 KST 2018,
176,제목176,내용176,tester,Mon Apr 23 15:02:34 KST 2018,
177,제목177,내용177,tester,Mon Apr 23 15:02:34 KST 2018,
178,제목178,내용178,tester,Mon Apr 23 15:02:34 KST 2018,
179,제목179,내용179,tester,Mon Apr 23 15:02:34 KST 2018,
180,제목180,내용180,tester,Mon Apr 23 15:02:34 KST 2018,
181,제목181,내용181,tester,Mon Apr 23 15:02:34 KST 2018,
182,제목182,내용182,tester,Mon Apr 23 15:02:34 KST 2018,
183,제목183,내용183,tester,Mon Apr 23 15:02:34 KST 2018,
184,제목184,내용184,tester,Mon Apr 23 15:02:34 KST 2018,
185,제목185,내용185,tester,Mon Apr 23 15:02:34 KST 2018,
186,제목186,내용186,tester,Mon Apr 23 15:02:34 KST 2018,
187,제목187,내용187,tester,Mon Apr 23 15:02:34 KST 2018,
188,제목188,내용188,tester,Mon Apr 23 15:02:34 KST 2018,
189,제목189,내용189,tester,Mon Apr 23 15:02:34 KST 2018,
190,제목190,내용190,tester,Mon Apr 23 15:02:34 KST 2018,
191,제목191,내용191,tester,Mon Apr 23 15:02:34 KST 2018,
192,제목192,내용192,tester,Mon Apr 23 15:02:34 KST 2018,
193,제목193,내용193,tester,Mon Apr 23 15:02:34 KST 2018,
194,제목194,내용194,tester,Mon Apr 23 15:02:34 KST 2018,
195,제목195,내용195,tester,Mon Apr 23 15:02:34 KST 2018,
196,제목196,내용196,tester,Mon Apr 23 15:02:34 KST 2018,
197,제목197,내용197,tester,Mon Apr 23 15:02:34 KST 2018,
198,제목198,내용198,tester,Mon Apr 23 15:02:34 KST 2018,
199,제목199,내용199,tester,Mon Apr 23 15:02:34 KST 2018,
200,제목200,내용200,tester,Mon Apr 23 15:02:34 KST 2018,
201,제목201,내용201,tester,Mon Apr 23 15:02:34 KST 2018,
202,제목202,내용202,tester,Mon Apr 23 15:02:34 KST 2018,
203,제목203,내용203,tester,Mon Apr 23 15:02:34 KST 2018,
204,제목204,내용204,tester,Mon Apr 23 15:02:34 KST 2018,
205,제목205,내용205,tester,Mon Apr 23 15:02:34 KST 2018,
206,제목206,내용206,tester,Mon Apr 23 15:02:34 KST 2018,
207,제목207,내용207,tester,Mon Apr 23 15:02:34 KST 2018,
208,제목208,내용208,tester,Mon Apr 23 15:02:34 KST 2018,
209,제목209,내용209,tester,Mon Apr 23 15:02:34 KST 2018,
210,제목210,내용210,tester,Mon Apr 23 15:02:34 KST 2018,
211,제목211,내용211,tester,Mon Apr 23 15:02:34 KST 2018,
212,제목212,내용212,tester,Mon Apr 23 15:02:34 KST 2018,
213,제목213,내용213,tester,Mon Apr 23 15:02:34 KST 2018,
214,제목214,내용214,tester,Mon Apr 23 15:02:34 KST 2018,
215,제목215,내용215,tester,Mon Apr 23 15:02:34 KST 2018,
216,제목216,내용216,tester,Mon Apr 23 15:02:34 KST 2018,
217,제목217,내용217,tester,Mon Apr 23 15:02:34 KST 2018,
218,제목218,내용218,tester,Mon Apr 23 15:02:34 KST 2018,
219,제목219,내용219,tester,Mon Apr 23 15:02:34 KST 2018,
220,제목220,내용220,tester,Mon Apr 23 15:02:34 KST 2018,
221,제목221,내용221,tester,Mon Apr 23 15:02:34 KST 2018,
222,제목222,내용222,tester,Mon Apr 23 15:02:34 KST 2018,
223,제목223,내용223,tester,Mon Apr 23 15:02:34 KST 2018,
224,제목224,내용224,tester,Mon Apr 23 15:02:34 KST 2018,
225,제목225,내용225,tester,Mon Apr 23 15:02:34 KST 2018,
226,제목226,내용226,tester,Mon Apr 23 15:02:34 KST 2018,
227,제목227,내용227,tester,Mon Apr 23 15:02:34 KST 2018,
228,제목228,내용228,tester,Mon Apr 23 15:02:34 KST 2018,
229,제목229,내용229,tester,Mon Apr 23 15:02:34 KST 2018,
230,제목230,내용230,tester,Mon Apr 23 15:02:34 KST 2018,
231,제목231,내용231,tester,Mon Apr 23 15:02:34 KST 2018,
232,제목232,내용232,tester,Mon Apr 23 15:02:34 KST 2018,
233,제목233,내용233,tester,Mon Apr 23 15:02:34 KST 2018,
234,제목234,내용234,tester,Mon Apr 23 15:02:34 KST 2018,
